Country Name,1970,1971,1972,1973,1974,1975,1976,1977,1978,1979,1980,1981,1982,1983,1984,1985,1986,1987,1988,1989,1990,1991,1992,1993,1994,1995,1996,1997,1998,1999,2000,2001,2002,2003,2004,2005,2006,2007,2008,2009,2010,2011,2012,2013,2014,2015,2016,2017,2018,2019
Afghanistan,,,,,16.65699959,,,17.88076019,19.65283966,,26.37323952,32.70611954,,,17.89102936,18.57060051,,,,,,,,27.57517052,,,,,,,,,,,,,,,,,,,,,,,,,,
Angola,,,,,,,,,,,,42.94057083,37.20602036,,,,,,,,,29.20000076,,,,,,,,,,,,,,,,,39.19701,38.78758,39.80721,46.18715,,,,,,,,
Albania,,,,,,,,,,,,,,,,,,,,,,,,,,,91.58609009,,,,96.58269,96.39394,,94.44817,93.4378,,,96.19241,92.39359,91.05149,88.83624,92.98266,98.67213,89.53918,100.9847,98.86159,99.88155,101.9837,101.5379,
Andorra,,,,,,,,,,,,,,,,,,,,,,,,,,,,,,,,,,,,,,,,,,,,,,,,,,
Arab World,49.1357193,49.05432129,48.69493103,50.20529175,51.69678879,54.69984055,56.30582047,58.36880112,57.7227211,53.49642944,56.54579926,59.97714996,60.72071075,61.8922081,64.25215912,68.30731201,67.36876678,67.27323914,67.73191833,67.91990662,69.26254272,69.28807068,70.07372284,70.30445099,71.16400909,72.20207214,73.25231934,74.11203003,75.12400818,76.00340271,75.54741669,76.56347656,77.41953278,79.82804108,81.66796875,82.69515228,80.90484619,82.70838165,84.57465363,82.89109802,84.36583,85.17569,87.03526,85.06061,85.99188,85.61407,85.12254,84.44785,84.96593,
United Arab Emirates,,,,,39.54042816,41.73529053,49.50407028,56.75738144,60.69887161,65.70791626,68.13439178,72.32185364,81.88111877,81.2938385,78.24465942,74.31791687,75.94766998,76.38062286,74.71659088,82.19580078,91.06539917,97.51193237,95.89749908,93.302948,91.96444702,89.86238098,85.7958374,87.8336792,85.29476929,83.75656128,80.28414,76.57745,80.73299,,,,,97.45089,,,,,93.94156,95.68699,99.14915,103.5202,,,,
Argentina,70.97234344,71.83389282,,,75.5764389,78.91168976,78.63954163,,,,,,,,,,,,,,,,,,98.57759857,,92.96325684,91.52876282,99.15171814,97.20204163,97.34647,96.82166,100.51583,98.16794,96.57995,94.64183,97.10248,99.86782,103.14217,103.30387,103.5674,103.8877,103.3522,101.645,103.1064,102.9737,103.8936,99.96276,,
Armenia,,,,,,,,,,,,,,,,,,,,,,,,,108.2638016,,,93.89550018,,,,,93.70576,89.27111,100.04747,92.69158,93.81121,102.06971,105.79289,,94.49523,93.80897,93.85169,,96.65223,94.59064,90.75161,91.98771,89.87896,
American Samoa,,,,,,,,,,,,,,,,,,,,,,,,,,,,,,,,,,,,,,,,,,,,,,,,,,
Antigua and Barbuda,,,,,,78.64849854,79.98853302,,,,,,,,,,,,,,,,85.85056305,,,,,,,,,,,,,,,,110.5548,101.2633,106.6099,103.6769,,,111.1503,92.55548,,98.18578,96.19883,
Australia,,,,,,,,,,,,,,,,,,,,,,,,,,,,,,,,,,,,,,,,,,,,,,,,,,
Austria,,94.99665833,96.87254333,97.06210327,,,,,,,,,,,,,,,,,,,,,,,,,100.917717,100.8748779,,,100.2222,,98.7443,,,,,,,96.77202,96.69372,97.60601,98.69185,100.3738,99.65672,99.45318,,
Azerbaijan,,,,,,,,,,,,,,,,,,,,,,,,99.44946289,93.98861694,91.50956726,82.40271759,99.47010803,95.40026093,92.17310333,89.51351,95.16858,97.58601,92.69615,95.59543,93.43062,91.60543,98.13037,90.73683,91.77172,89.51445,92.80683,91.99119,88.08941,98.12571,103.2802,111.3019,107.1722,100.2199,
Burundi,,5.744689941,,10.70660973,10.85875034,11.56672955,10.84547997,11.10624027,11.15044975,11.29339981,11.49689007,11.78833008,14.08067989,19.17869949,26.28512001,27.41909027,28.42155075,28.10720062,38.91804886,33.14085007,41.07458878,45.66585922,48.7923317,52.02534103,,,,,,,24.3505,24.78704,25.1834,29.58314,31.792,33.94643,,38.66096,41.65349,48.35906,51.54842,56.37577,62.99792,70.71984,69.56656,64.53968,67.67451,68.3787,63.02139,
Belgium,,,,,67.98803711,69.6011734,70.51772308,72.43759155,74.49121094,67.96523285,68.04033661,74.23993683,76.79476166,71.67523956,75.10009003,73.31642914,72.09044647,71.35022736,73.08248138,,,79.33482361,,,,,,,,,,,,,,,,,,,,,,,,,,,,
Benin,,18.20833015,21.27856064,21.73354912,20.57695007,25.2224102,25.13121986,24.51638031,26.68091011,28.04578972,29.93704033,31.0934391,33.60303116,36.39559937,29.75930977,33.74224091,30.75686073,29.67449951,27.33658028,27.02061081,18.79125023,21.38610077,21.65839005,23.79171944,25.7407608,30.25149918,32.3626709,34.78396988,37.52402115,,37.80433,41.67732,43.78899,48.11963,51.87132,,,,63.6705,,66.71161,71.68802,73.04108,78.6056,79.4544,81.14033,80.74556,,,
Burkina Faso,,7.195720196,6.792620182,7.037759781,6.79652977,7.626100063,7.553160191,8.557439804,8.742630005,9.560799599,9.324469566,10.29990959,10.54666042,11.30795956,12.30673981,13.90581989,,15.82594013,16.91584015,16.58723068,19.49580002,19.95185089,26.68046951,26.24488068,27.11621094,18.59445953,22.57243919,,,23.46804047,25.42222,26.67762,27.48547,29.11165,30.42653,31.73658,32.80562,34.97427,38.86926,43.91451,47.05522,,57.36603,62.34405,60.8495,62.0298,61.72434,63.51922,65.47893,
Bangladesh,,,,,,,44.57194901,32.58475113,,,,28.9274807,,,,,,,,47.25962067,,,,,,,,,,,,,,,,66.32055,,,59.02299,65.45804,67.83219,,,,,,,,,
Bulgaria,,96.84844208,97.45319366,96.93663788,102.336319,93.29933167,93.77277374,91.18566132,92.03594971,102.4319687,103.4274673,100.25177,96.56124115,93.69460297,99.47470093,110.2292786,99.53954315,102.7214279,102.494339,101.4282303,99.11776733,89.24223328,87.50994873,85.98764038,88.20147705,87.87815857,90.34156799,94.47679901,93.95419312,96.07269287,96.15943,101.75486,96.56689,97.79256,98.64273,98.65926,99.35086,101.33284,95.15365,101.7044,113.3396,110.201,101.8106,98.95879,97.95254,96.19129,92.04534,,,
Bahrain,,,,,,,,,,,,,93.01699829,89.71205139,91.1469574,93.62425232,90.69026947,92.79666138,99.65444946,105.0918198,,102.9817505,100.8928604,99.66449738,94.57148743,93.93595886,92.05882263,,94.39926147,100.3853912,98.78815,96.68489,100.54143,100.10331,102.04712,101.62845,,,,,,89.47138,93.22642,94.48237,96.64722,98.74027,99.51365,99.4512,97.87412,
"Bahamas, The",,,,,,,,,,,,,,,,,,,,,,,,,86.32550049,,,,,82.17275238,,,,,,101.86549,95.83603,96.38708,92.28225,90.46501,82.40611,89.73962,89.3228,79.21593,80.06567,85.2287,77.42339,,,
Belarus,,102.6929779,101.8406601,104.9047928,100.1826324,99.1072998,98.14823914,96.89144897,99.5185318,99.56189728,100.7574615,100.4335098,100.1571426,100.260643,99.96949768,98.7467804,98.97254944,,,,94.98883057,94.74938202,90.12126923,96.5809021,98.47767639,96.14678192,95.73091125,95.92075348,,98.79434967,102.32492,106.73311,132.67658,103.18908,102.71907,98.86845,97.65107,96.30975,99.11292,105.84522,106.9727,107.9057,104.0765,100.2649,98.66791,96.76221,96.86775,101.681,104.6179,
Belize,,,,,,,,,,,,,,,,,,,,,,,93.92243958,,,89.16446686,95.67038727,,,98.95243073,100.05013,100.81809,,97.24398,97.6512,98.44108,97.45409,98.9947,94.90599,99.68442,100.7419,103.952,108.0577,101.6988,102.0612,104.2318,105.3376,102.6097,104.4745,
Bermuda,,,,,,69.93299866,,,,,,,,,,,,,,,,,,,,,,,,,,94.46367,98.95592,95.68765,90.12926,90.48751,90.59107,,,,103.2092,95.56136,94.80692,98.23609,88.95028,91.57303,,,,
Brunei Darussalam,,,105.9497223,105.6216202,111.1549606,98.00518036,110.1504669,103.8211823,101.515892,100.5480118,89.52446747,90.8033371,80.804039,82.80808258,57.21237946,,123.6335907,,,,,98.54566193,99.71206665,98.21176147,101.0311127,99.27599335,,109.2025528,115.2373428,116.5926819,114.79095,121.65795,117.53295,119.99123,111.28146,107.35931,107.65468,107.42963,105.27432,101.90636,105.3539,110.977,107.07,106.1239,100.1175,102.1723,,107.4272,107.9787,
Bhutan,,,,,,,5.528170109,5.892960072,8.59552002,9.453980446,,,,,,,,,19.44156075,,,,,23.78280067,27.91486931,,,,46.07048035,49.99670029,51.06835,51.48446,,,60.16422,66.09852,71.05857,72.63404,78.43049,80.8454,87.29344,89.07045,98.97335,96.63999,96.23844,,100.6622,100,,
Botswana,43.12368011,48.44844055,55.41233826,59.04257965,61.66057968,57.81361008,51.65370941,47.54697037,54.52059937,67.0071106,71.17886353,81.59172821,84.94341278,77.03475189,79.70652771,85.07299042,94.60217285,96.32907867,93.10865784,90.65614319,93.86044312,95.00334167,95.93823242,95.28195953,100.2306671,96.69380188,98.69876862,,99.06018829,96.83099365,96.82113,99.05276,99.85823,99.35737,98.39903,97.71693,101.55862,98.31128,99.47419,101.0794,,,101.2084,100.6612,,,,,,
Central African Republic,,27.51474953,25.9116497,32.2016716,28.53326988,36.20072174,31.08381081,32.86008072,40.6213913,,,30.58946037,30.29219055,27.09630013,,,38.50828934,28.75411987,29.98490906,29.65986061,31.57345009,29.18168068,23.34424019,,,,,,,,,,,,23.84487,26.09931,26.11194,,34.81548,37.22557,39.2278,40.87233,42.82416,,,,40.87417,,,
Canada,,,,,,,,,,,,,,,,,,,,,,,,,,,,,94.67920685,96.13758087,97.81784,,,,,,,,,,,,,,,,,,,
Central Europe and the Baltics,92.4406662,92.47794342,91.9681778,91.94355011,94.16796112,94.09546661,95.03127289,94.76551819,94.52571869,94.33242798,94.00762939,92.88931274,92.47042847,92.67513275,93.55773926,96.09874725,94.8477478,94.99977875,94.71334839,94.37114716,93.04514313,90.8911438,91.06778717,91.59594727,92.01821136,92.7093277,94.90041351,96.75724792,96.25289917,95.70993042,95.71656036,97.30819702,96.69966125,97.5399704,98.58931732,97.54273224,96.28206635,95.71605682,94.78743744,95.72088623,97.24109,97.70147,96.79386,97.31368,97.1201,97.94968,97.44619,99.64987,99.67159,
Switzerland,,,,,,,,52.99501038,60.07141113,57.80821991,56.3568306,52.15650177,51.84220123,52.17470932,51.32889175,50.80754089,49.95124817,49.51713943,48.57685089,49.98759079,51.37739944,53.7626915,55.32395935,61.36080933,62.42485046,,73.11728668,,,95.60772705,96.67293,98.05579,98.28719,98.4866,99.44709,96.96641,93.92943,93.3588,94.40711,96.10912,96.19563,96.65714,97.41051,96.85575,95.57646,95.77347,96.82687,97.15868,,
Chile,79.31925964,86.75843811,91.15100098,92.23925018,90.41998291,90.85906982,93.14678955,90.61959076,,,,,,97.87287903,,,,,,,,,,,,,,,,,,,,,,,,,,,,95.71445,98.82017,98.69904,98.90056,96.97696,95.48255,94.75356,,
China,,,,,,,,,,,,,,,,,,,,100.4050369,101.5680618,102.9511871,99.28115845,101.1017227,103.5136185,98.77063751,93.32328796,90.64083862,,,,,,,,,91.63242,93.34789,99.27694,98.29463,,,,,,,,,,
Cote d'Ivoire,,,,38.95355988,39.49180984,43.65325928,47.59838104,51.07735062,51.85903168,53.84350967,56.54103851,60.39485931,,57.60623169,55.89223099,47.84962845,48.57268143,47.89424133,48.16736984,44.94596863,42.70793152,46.47740173,42.27381897,43.43759155,43.2256012,41.62897873,42.88885117,40.27170944,40.23622894,42.94898987,43.29003,49.22525,,,,,43.74017,44.91417,,45.82095,,53.17803,54.47448,53.29364,54.86824,60.44213,64.16321,71.5999,,
Cameroon,,,,48.2461586,47.71891022,49.82643127,51.37297821,52.33340836,62.9129982,53.15993881,51.44210052,51.60057068,50.61079025,50.77402878,52.39157104,53.77450943,54.01557922,55.57130814,55.18455887,,56.25030136,54.9569397,,,,,,,,48.48894882,49.51233,,,56.61424,58.58127,,50.86168,54.11949,69.96147,69.69682,71.67993,70.71425,74.24182,,72.77978,74.17043,73.39319,68.21424,64.47068,
"Congo, Dem. Rep.",,41.38568115,43.54940033,,,,53.83528137,56.76039886,60.31843185,,59.91345978,62.08292007,64.59004211,67.00007629,69.32862854,,,,50.41149139,,,52.33850861,48.66859055,56.14167023,47.37845993,,,,,34.88388824,,,42.70937,,,,,55.44419,60.51384,63.11711,63.64162,65.57299,70.90409,69.77173,,69.91117,,,,
"Congo, Rep.",,56.12144852,59.64574814,69.17151642,57.28665161,66.79750061,69.06804657,71.65293884,71.87187195,78.6362381,79.49292755,77.77371979,77.0927124,70.85446167,74.07537079,71.52520752,72.54051971,72.89888,73.36106873,67.7186203,58.92061996,54.54943848,61.92860031,63.50217056,54.16809082,,49.55585098,,,31.43741989,,56.53613,59.27043,55.88826,80.37814,70.05938,75.98784,74.3582,69.18699,68.3948,68.42873,74.98303,71.60604,,,,,,,
Colombia,47.63888931,50.68727112,51.23989105,54.1318512,54.69746017,,,,,,,,72.19384766,74.89996338,75.11340332,69.35623169,72.29380035,71.89531708,71.26155853,71.00135803,75.26024628,74.44365692,83.2618866,84.21550751,83.92336273,87.99537659,89.45120239,,95.56419373,96.71853638,96.01168,92.80086,92.8196,,100.10397,104.17311,110.58097,112.73173,113.02171,117.86193,116.956,115.31,109.6682,99.79444,99.2422,100.0331,101.7113,105.9868,106.4633,
Comoros,,,,,,,,,,,,60.67084885,,,,,68.15029907,54.998909,,,,,45.61885071,40.11248016,48.32477951,,,,,49.1339798,,,58.13922,57.26399,61.90852,,,64.08012,73.323,,,,,74.6988,77.67992,,,76.72008,,
Cabo Verde,,,,,10.30418015,12.64717007,19.30606079,14.26074982,13.83691978,13.60424042,17.08033943,27.57768059,25.05110931,22.34733009,31.42429924,32.96968079,36.39403152,40.85139084,46.68529129,,60.22657013,,,,76.12307739,,,,101.4907303,,105.99315,98.75489,98.83446,98.8822,96.1721,81.75217,94.72468,91.75924,99.71652,96.83359,101.1008,96.29145,97.75908,92.35906,94.72225,95.21536,91.03706,87.40142,87.29021,
Costa Rica,74.35175323,74.52069855,83.95070648,87.87847137,86.75444031,85.06713867,81.28582764,89.11389923,86.45613861,84.24118042,84.92751312,88.30892181,88.68183136,82.16146851,75.13877869,78.15519714,78.51461029,75.52269745,75.69017029,74.94454193,74.3367691,79.10006714,81.13607025,83.0650177,81.70584106,80.54984283,81.92178345,,,82.95271301,88.31564,91.27375,93.49245,,94.08341,93.50606,90.26893,92.70089,94.4894,97.94899,99.32607,104.3605,102.4104,98.64965,98.42607,99.5866,97.32091,96.77837,98.59437,
Caribbean small states,,,,,,90.10562897,89.67888641,91.69168091,91.28292084,92.70635223,90.31056976,91.42263031,92.64232635,91.8565979,91.59790802,89.19609833,89.85228729,91.5603714,92.65901947,94.59217072,95.19094086,94.12368011,93.40122223,92.05406189,90.26953125,88.4462204,88.23133087,89.08432007,91.05335999,92.9017334,91.96533966,87.00354004,88.51022339,87.83905029,89.75350189,90.13551331,90.79399109,90.30460358,90.83200073,91.85729218,90.52493,91.6818,92.11843,91.15279,91.25849,91.51285,91.14359,91.27883,90.84398,
Cuba,,67.27223969,59.82014847,66.61038208,76.20639801,80.00463867,94.10590363,112.2199402,120.7574005,115.7630615,107.2033463,97.8564682,87.3844986,95.58802032,99.68240356,96.20462799,92.95761871,95.91422272,94.14444733,95.13220978,92.97296143,93.37840271,86.04393768,83.34893036,96.23451233,96.76854706,97.2605896,,,93.80255127,95.54506,95.89135,102.1481,98.56324,96.585,97.92653,95.89934,94.34615,89.0286,95.75438,94.98465,95.78063,94.9207,93.86077,98.09443,97.07624,92.82561,89.52382,84.13141,
Cyprus,,87.75524902,87.3842392,84.59438324,86.5982666,79.12229919,78.65077209,72.2392807,77.63687897,83.58892059,73.07263947,89.33345032,77.80879211,78.4054718,76.00437927,58.13022995,61.31048965,68.53172302,78.93495178,78.21711731,78.59986115,83.3319397,82.68611145,100.7670135,104.2388763,99.69097137,97.15772247,98.86196899,,100.7185516,97.6595,98.04249,100.45012,101.18464,87.55183,100.0818,101.14621,99.95163,100.24621,103.16041,99.31649,101.7331,100.0641,98.33207,99.82538,96.81906,,,,
Czech Republic,,,,,,,,,,,,,,,,,,,,,,,,96.68901825,103.8473129,104.5555267,108.6361389,,,99.46568298,99.34734,99.44711,104.01403,99.17994,99.77955,98.93744,93.8982,95.59894,98.50746,103.52328,106.4568,103.7591,100.9904,99.76104,98.16072,96.07079,97.06747,97.84404,,
Germany,,,,,,,,,,,,,,,,,,,,,,,,100.3313522,96.70506287,96.16790009,96.69756317,98.83876038,,101.4632797,104.34692,105.79571,101.67014,100.68124,99.47027,96.87964,98.4968,103.53698,101.97903,102.3838,102.0154,101.5669,98.65314,98.39869,97.28271,98.9183,97.9372,98.80514,,
Djibouti,,,20.3812294,20.44887924,20.19652939,20.40973091,19.06675911,,,,,,,,,,26.25856972,29.08725929,27.41120911,30.51025963,28.51501083,24.49827003,27.52529907,24.70535088,27.87882996,30.15398979,27.61916924,24.83950043,,23.43959045,26.69269,26.41596,,,,33.60457,38.25157,,44.66271,,,50.78262,,50.69831,59.97707,65.59613,67.35251,62.97632,66.38029,
Dominica,,,,,,,,,,,,,,,,,,,100.0562134,,,,,,,,,,,126.0629883,119.42724,117.71968,100.5472,94.57162,95.10358,93.39045,84.30521,86.15085,82.23281,78.96996,77.03927,86.68262,97.30413,96.42538,100.8571,105.9536,113.9267,,,
Denmark,,95.60694885,92.4930191,93.83872986,92.67746735,94.18850708,101.2781296,100.748909,108.111351,109.4211578,102.2289886,93.27626801,91.28051758,92.17610168,97.77243805,99.98390961,97.04543304,98.41899109,102.3384781,97.65247345,95.36968231,97.75566101,97.01695251,99.28283691,96.84340668,,,,101.6276932,101.4497833,100.14678,101.35879,105.41577,,100.65758,100.35957,102.03966,101.75592,100.97058,97.97302,99.11993,99.62967,98.25849,99.27841,98.77498,98.73803,103.8827,103.7764,,
Dominican Republic,,34.55995178,,,,,,,,,,52.35597992,,,,,,,,,,,,,62.50823975,,,,,73.22202301,78.81883,,92.23331,,88.62722,,85.80622,92.6831,,93.8494,92.69574,93.07074,93.52137,94.23554,95.26005,99.52608,99.15803,95.32809,,
Algeria,,,41.58806992,43.55274963,45.92298889,51.5357399,57.69171143,60.85815048,63.47655869,63.32093048,62.82873917,66.71124268,68.12204742,70.56375885,74.8833313,88.41491699,72.63892365,74.59693146,75.62870789,78.52591705,77.42842865,76.60082245,79.85958099,79.6357193,78.89399719,80.38665009,83.55747986,83.79032135,,82.82456207,80.16639,86.29779,88.0823,89.71992,91.3253,93.07539,83.62891,94.39851,112.97665,91.88226,95.617,97.6363,101.5529,106.0317,108.3916,105.5467,105.59,105.6367,105.144,
East Asia & Pacific (excluding high income),,,,,,,,,,,,,,,,,,,95.52960968,95.51334381,95.76039124,96.18502808,93.64391327,95.36377716,97.30579376,94.42063141,91.02854919,89.53421021,90.39151001,91.24031067,92.3318634,93.52580261,92.97789764,92.85157776,92.52301788,92.1187973,91.70039368,93.39437103,97.12375641,96.78929138,96.05788,94.30042,95.34989,94.90469,92.26734,90.89207,93.37515,95.95939,97.60904,
Early-demographic dividend,49.48772812,49.53026962,49.89772034,50.76916122,51.11764908,52.15655136,53.21868134,54.19367981,55.05802155,55.82590103,57.39632034,58.98891068,60.78960037,62.60475159,64.84528351,66.99703217,68.19943237,69.05870819,70.15081787,70.47273254,70.76590729,71.16467285,72.03283691,72.82621002,73.52675629,74.15455627,73.92974091,73.81076813,73.95250702,73.9229126,75.54811096,76.561409,78.45491028,80.69824219,82.47518921,84.27616119,84.84124756,86.46272278,87.96528625,88.8687973,89.37707,88.99539,90.93493,91.63755,92.80858,92.8953,92.33046,92.01445,92.59526,
East Asia & Pacific,,,,,,,,,,,,,,,,,,,95.13944244,95.00169373,95.32739258,95.62310028,93.58325958,95.18798828,97.05724335,94.38739014,91.11062622,89.62708282,90.52870941,91.42714691,92.48216248,93.6565094,93.0533905,93.05683899,92.76438141,92.37757111,92.03941345,93.67289734,97.10839844,96.7973175,96.12815,94.58197,95.75289,95.20765,92.65829,91.48565,93.75753,96.09749,97.65145,
Europe & Central Asia (excluding high income),,,,,,,,,,,,,,94.85173035,94.96115875,95.46054077,96.13117981,96.0412674,98.32337952,95.92320251,96.34475708,96.56768799,96.41552734,95.61047363,95.49134064,94.4600296,93.9240036,94.23252106,94.22013855,94.02043152,94.03005219,96.20932007,97.22090149,96.26313019,97.22132874,99.09471893,97.06040955,95.67424011,96.26316833,97.40222168,97.77533,98.99083,98.09411,98.4107,97.92567,98.64724,96.54248,96.47238,96.83682,
Europe & Central Asia,,95.55613708,95.2878418,95.36624146,95.61522675,96.30780792,96.35385132,96.38153839,96.42144775,96.23436737,96.28524017,95.8629837,95.7243576,95.39083099,95.73542786,96.33579254,96.60730743,96.19288635,97.74562836,96.44728851,96.6068573,96.69274902,96.91945648,96.69824982,96.25140381,95.49887085,95.45838928,95.65013123,95.72759247,95.66507721,95.86070251,97.57286072,97.81598663,97.28385162,97.56069183,97.80912781,96.63095093,96.40455627,96.77272797,97.26589203,97.48984,98.06938,97.42636,97.58627,97.25536,98.03992,96.76053,96.99245,97.20955,
Ecuador,,55.7048111,54.93849945,58.51633835,61.3070488,65.22123718,69.59950256,71.35237122,70.45629883,74.35399628,77.36466217,81.16129303,83.93032837,87.65833282,90.00856781,90.53579712,,93.42552948,94.91964722,,,,,,94.91014862,92.70545197,92.28420258,95.57845306,,96.97189331,97.24127,97.66513,97.31588,96.6519,96.30125,100.41658,99.77066,99.12251,,97.21449,103.1958,106.9735,108.2071,108.6962,112.2291,106.4048,103.5557,105.4158,,
"Egypt, Arab Rep.",,56.34806824,53.15687943,56.60366821,58.62631989,61.35330963,62.42065048,62.57600021,54.66149902,36.42525101,46.74697113,55.67279816,,,,,74.1944809,74.82959747,,,,,,,,,,88.92304993,,93.04898071,91.26548,89.39921,88.23806,88.66969,90.18924,91.97186,87.35761,90.92532,,93.51346,96.02799,,,100.5301,,,96.90645,97.18955,100.6852,
Euro area,95.03504944,95.03157806,95.19181824,95.28991699,95.71250916,97.45511627,97.03450012,96.98461151,96.69458008,96.36338043,96.61675262,96.41029358,96.44503784,96.1252594,96.6604538,97.02198792,97.09870911,95.99028015,97.29434967,97.40937805,97.73220062,97.76920319,98.20140839,98.10016632,97.20039368,96.51947021,96.49623871,96.26325226,96.68692017,97.00646973,97.67584991,98.71988678,97.37316132,97.24813843,96.62651062,95.16911316,95.20503235,96.73779297,96.8793335,96.59629822,96.47604,96.27667,95.57531,95.31963,95.19585,95.98895,95.12383,95.40726,95.45505,
Eritrea,,,,,,,,,,,,,,,,,,,,,,,,,25.91691017,31.7730999,42.58639908,47.23897934,,45.38903046,48.50745,49.49895,48.97085,55.22575,64.33746,79.40329,79.7165,79.34433,82.01907,87.97069,76.33065,73.28091,66.08584,61.04223,,62.84111,,64.18666,,
Spain,,,,,,,,,,,,98.89459991,98.30962372,98.97795105,102.2347794,103.4152527,103.4291077,101.14048,104.8309631,102.4201431,99.9597168,,,101.0263214,102.1333694,,,,,,,,,,102.30026,,96.65484,97.13748,97.29009,97.47839,96.78925,96.1533,99.32011,99.21613,100.1019,103.3597,101.2097,100.5725,,
Estonia,,,,,,,,,,,,,,,,,,,,,,,,,,79.64726257,90.8167572,,89.43874359,93.36907196,95.66775,101.40708,102.95114,106.30589,102.32172,102.63627,94.97764,94.75235,95.45355,98.74659,100.6343,101.4313,103.8179,104.3208,100.0924,98.76664,96.44263,97.23144,,
Ethiopia,,,,,,,,,,,,,18.15880013,,,,,24.59029007,24.01425934,22.8167305,,,,,14.10828018,13.96494961,14.94219017,,17.15014076,19.81637001,22.31556,27.74431,31.60785,34.92633,37.69917,43.46148,47.19114,47.29252,49.45279,51.35951,57.70274,52.54763,50.30797,,53.38833,54.1109,,,,
European Union,95.34282684,95.39524078,95.39929962,95.48220062,96.27211761,97.47406769,97.51045227,97.51670074,97.34181213,97.08748627,97.06381989,96.45056152,96.2493515,96.0898819,96.75956726,97.64974976,97.32810211,96.67675781,97.39631653,97.27288055,97.08431244,96.56031036,96.97897339,97.21148682,96.72126007,96.48780823,97.01419067,97.30805969,97.36173248,97.36984253,97.76476288,98.82215881,97.94525146,98.11234283,97.92247772,96.75161743,96.40677643,97.20970917,97.10140228,97.04902649,97.36161,97.44744,96.8082,96.74014,96.57399,97.33527,96.66967,97.19801,97.26261,
Fragile and conflict affected situations,39.11304092,39.07352066,39.64641953,41.50922012,41.96775055,43.91482925,44.94514847,47.07611084,48.45925903,49.31476974,50.16223145,51.15544128,51.56399918,51.27798843,52.39276123,52.30311966,52.8878212,51.55902863,51.42644882,51.44417953,52.07981873,52.7618103,52.57271957,53.44554901,52.58383942,52.57218933,52.78995895,52.52598953,52.59254074,52.76306152,54.51842117,56.47706985,57.69977951,60.26895905,62.145401,63.52875137,64.37426758,65.16040039,66.99133301,67.45628357,68.32425,69.0324,70.03443,68.1336,68.29225,68.48296,69.01254,70.11659,70.16754,
Finland,,,,,,,,,,,,,,,,,,103.9823532,105.7288132,105.4365463,101.6380692,97.24131012,96.59803009,95.97049713,97.05053711,100.4848785,101.2387924,100.3760071,98.01837158,95.85336304,96.20359,102.1508,100.87145,101.91707,100.18132,100.19322,96.77712,98.18777,98.77861,97.86471,98.62905,98.20484,100.031,99.63838,98.88854,99.03192,100.885,101.4983,,
Fiji,,,90.89053345,96.88456726,96.14363098,,106.5900726,106.6018982,110.4298935,102.2886963,97.15995789,97.36109924,,95.49031067,92.01380157,93.38620758,95.2021637,,,,,,105.1267929,,103.0197372,102.5912628,101.6733704,102.9814835,103.2769623,99.64177704,95.01059,97.06312,102.01143,,109.3514,,111.53127,,105.87828,105.14678,,104.6678,106.2605,106.7347,,111.6333,107.0184,,,
France,,93.21495056,92.55278778,,,93.6467514,93.96993256,93.72447205,94.65425873,94.51132965,95.07128906,,,,,,95.72213745,94.85468292,98.43557739,100.9145203,104.1289825,106.0952988,107.2487869,,,,,,,93.82691956,92.93037,,,,,,,,,,,,,,,,,,,
Gabon,,,62.58654022,61.11777115,,84.17967224,88.06627655,80.66230011,80.87906647,82.13667297,81.0229187,84.78327942,86.58091736,86.37705994,75.30953979,92.41980743,,68.53079987,67.53996277,66.00888062,,,59.50054932,,,65.94000244,66.68028259,68.93827057,,,,,73.26525,71.19044,,,,,,,,,,,,,,,,
Ghana,,62.82992172,56.96036148,,51.44993973,52.70132065,54.9655304,56.68058014,57.59391022,57.36439133,58.31987,61.60522842,,,,,,,,,,65.50240326,67.57454681,,,,,,,66.46391296,69.08267,65.44559,67.09993,68.19153,67.30166,73.07195,69.42504,74.65209,79.99891,81.27579,,88.06565,93.86433,94.82469,93.65453,98.75622,,94.72446,93.80911,
Guinea,,,,,,,,17.92550087,19.54213905,,21.07171059,17.26182938,18.79557037,18.50176048,18.95903015,15.41312027,14.61991024,14.05109024,11.31077957,12.21350956,18.13441086,16.33708954,16.35330963,18.73032951,19.94395065,19.88435936,30.5173893,,25.45322037,29.06052017,31.67451,33.42895,37.352,37.54305,47.19325,53.20788,57.48635,57.76227,50.64951,56.75359,56.91796,,60.10138,60.82592,62.25954,,59.66737,,,
"Gambia, The",,20.30998993,22.67012024,22.26510048,21.90723991,23.49695015,22.80871964,18.31771088,23.92111969,24.68905067,27.45068932,27.62601089,31.69228935,35.70227051,41.95214081,44.18267059,46.75466919,50.79954147,,44.03794861,,,43.27341843,41.37709045,40.41141129,43.12509918,50.37639999,47.54307938,,67.91742706,66.12758,65.97637,63.36499,65.83168,64.35019,61.29162,59.51029,66.33713,72.35039,,67.10289,63.97331,65.68311,66.418,66.99941,67.4725,69.27261,,,
Guinea-Bissau,,,,,,,6.928830147,,,15.0886898,11.2465601,16.39477921,17.8096199,14.29358006,13.49201965,,,9.823459625,6.53606987,,,,,,,,,,,,28.31343,,,,,,,,,,65.14252,,,,,,,,,
Equatorial Guinea,,,,,,,,,,,,,,,,,,,,,,,,,36.38761902,,,,,,45.02633,,,36.59059,,43.90512,,,41.04966,42.9639,44.38116,42.45682,44.01268,,,40.77592,,,,
Greece,,98.28376007,96.41359711,94.88939667,94.23626709,95.58894348,97.01808929,98.55879211,101.2206192,101.6747971,98.75115967,97.15988922,95.5296402,96.08873749,98.19831085,100.2930222,105.0994415,95.64282227,96.56890869,94.53645325,,,96.56152344,,,,,,,,,,,,99.29267,96.45877,99.09316,97.38446,,,95.3191,93.15334,96.98412,95.35901,95.57611,97.35756,97.33734,96.76636,,
Grenada,,,,,,,96.43704987,98.12944031,89.91562653,92.04210663,,,,95.25988007,85.80831146,83.48397827,,,,,,,,,,,,,,95.52349091,,,96.46629,107.04165,,108.76699,,105.18186,120.01026,132.43671,123.123,,,108.7555,,,,120.9955,,
Guatemala,21.99291992,22.2536602,24.29376984,,,28.19639015,29.28850937,29.14378929,30.21879959,30.66297913,32.53762054,32.65407181,32.63378906,33.86894989,35.27241898,36.71995163,39.57410049,,,,,,,,,,45.5171814,,,50.78722,55.51237,58.03934,61.58016,,67.26301,70.9242,73.92884,74.67053,77.55817,81.62691,83.62597,85.79242,84.75212,84.86329,84.66949,82.71167,79.13231,79.94133,79.69038,
Guyana,,95.76319885,93.21424866,91.57472229,91.86518097,,88.15438843,93.24825287,87.46102905,87.39526367,79.51143646,82.86505127,84.6339798,80.69239044,85.42352295,,,87.93920898,,,,,91.26191711,89.79833984,,76.62526703,80.18393707,84.97437286,,103.5861969,107.87935,92.67053,,77.53695,,93.45907,93.79519,94.0495,95.53241,98.44822,92.71179,97.63735,97.37594,,,,,,,
High income,,,,,,,,,,94.54808044,94.34571075,94.39817047,94.00475311,94.13771057,94.63990784,95.07071686,95.3062973,94.92440796,94.93321991,94.6258316,94.84121704,94.59339142,95.5308075,95.85095978,95.7401886,95.5127182,95.51148987,95.36164093,95.89830017,96.39469147,96.73564911,97.31635284,96.91171265,97.25853729,97.19821167,96.65940857,96.79994202,97.53894806,97.67381287,97.69262695,97.75278,98.03447,98.69478,98.48379,98.67178,99.20289,98.6931,98.26004,98.03242,
"Hong Kong SAR, China",,,,,,,,,,,107.421463,103.36689,100.6447067,99.55209351,103.1883469,102.7637482,104.6255035,,,103.6088791,103.959137,105.0622177,105.8138123,106.9377899,104.0241165,100.2721176,94.5930481,,,,,,,,,,,,,,,,100.7627,99.0784,102.2678,105.0825,104.1517,103.1137,104.4942,
Honduras,,,,,,,,,,,44.45108032,,49.28395844,,53.66913986,,,,,,,62.34474945,65.55921936,67.51757813,69.02036285,68.13011932,69.05493164,69.38070679,70.06903839,,,,,77.66988,,77.2666,81.94037,,79.56629,81.09689,84.94979,87.47505,86.82107,80.90408,77.19141,,80.47022,81.62433,,
Heavily indebted poor countries (HIPC),32.90930176,32.88106918,33.31290817,33.84629059,34.28702927,35.45454025,36.39234924,37.96417999,39.81222153,40.71776962,41.83274078,43.64928055,44.7612114,45.14553833,47.74996185,44.42723846,44.24359131,43.50614166,42.40834045,40.85124969,41.5802002,42.30720901,41.47649002,42.33914948,41.05651855,40.96244812,41.67523956,41.2746315,41.3960495,42.64525986,43.37971878,45.91675186,48.18759155,49.98971939,51.73077011,54.35475159,56.52544022,58.89245987,62.61058044,65.71111298,65.81233,65.42071,65.71099,65.48763,65.58094,65.71116,65.78729,66.16831,66.56745,
Croatia,,,,,,,,,,,,,,,,,,,,,,,,,83.59664917,80.2588501,84.7379303,85.90624237,90.89968872,89.48496246,90.88206,95.01475,98.19368,97.35978,,103.44709,101.7197,103.87421,98.67824,93.59109,91.27276,93.08901,92.74301,94.96452,97.93856,103.484,101.02,,,
Haiti,,,,,,,,,,27.00251007,27.82901001,,29.17736053,31.73278046,,34.53237152,36.57717133,38.23255157,,,,,,,,,,48.51641846,,,,,,,,,,,,,,,,,,,,,,
Hungary,,89.19537354,88.58138275,92.93704224,99.68802643,100.5615387,98.05146027,99.66864777,104.2705002,99.16375732,97.56234741,93.48310089,92.87085724,94.31861877,102.4443436,113.5660706,103.7685013,96.82936096,89.25531006,83.39996338,81.78333282,79.38160706,85.10460663,89.81996918,,,,97.89090729,98.44779205,95.98950195,96.41895,98.01668,99.41333,96.1854,94.62101,93.81266,98.76646,95.02565,96.58942,96.79566,97.10366,98.72742,97.53673,97.71342,96.46964,96.95035,98.59476,105.05,,
IBRD only,74.58393097,74.63928223,75.01091766,75.55417633,75.80992889,76.51246643,77.21366882,78.48104858,79.25449371,79.99497223,81.16770935,82.14286041,82.74577332,83.4433136,84.49713135,85.50086975,85.8433075,85.85350037,86.12184906,85.86393738,86.15525818,86.53884125,85.99884796,87.10450745,88.11451721,87.34552002,85.86373901,85.2329483,85.53534698,85.61138153,86.87486267,87.77719879,88.66487122,89.67343903,90.48545837,91.31867218,91.58634949,93.37638855,96.02098083,96.184021,95.5902,94.53086,95.5703,95.96377,95.39106,94.69895,94.92823,95.05059,95.75261,
IDA & IBRD total,69.40892029,69.44966125,69.81568146,70.3932724,70.62774658,71.3113327,71.98123932,72.87993622,73.67205811,74.45497131,75.47499084,76.36956787,76.99755096,77.59973907,78.6479187,79.13513947,79.32980347,79.19924164,79.22944641,78.81893158,79.03446198,79.35938263,78.87859344,79.75846863,80.37191772,79.75200653,78.72013092,78.3354187,78.63733673,78.90548706,80.00540924,80.8405838,81.57328796,82.3535614,82.96898651,83.89881134,84.42739105,85.4492569,87.19656372,87.96405029,87.70356,87.04834,87.9997,88.1023,87.80243,87.42404,87.59809,87.96964,88.64266,
IDA total,,,,48.33995819,48.53186035,49.17097092,49.69244003,48.91418839,49.71480179,50.61243057,50.99592972,51.78749847,52.84532166,53.49341965,55.02505112,54.070961,54.44652176,54.62194061,54.61624908,54.49090958,55.11426163,55.69519043,55.71063995,56.16897964,55.89028931,56.03631973,56.4244194,56.49578857,56.85535049,57.76332092,58.48569107,59.78488922,61.02593994,62.05073166,62.97225189,64.98371887,66.72528839,66.29405975,66.44741821,69.12843323,70.01085,70.61322,71.76302,71.54995,72.12024,72.624,72.92838,73.98365,74.7889,
Indonesia,,,51.90975189,53.09521103,50.92945099,49.3127594,48.77811813,53.31087112,56.08176041,,,65.46832275,70.01609802,75.2002182,84.66932678,94.16758728,96.57727814,95.82688904,95.96594238,96.16068268,93.31404877,90.26772308,88.69213867,92.12132263,94.56243134,94.49137878,93.49292755,94.11903381,,,,93.75627,95.05402,95.65924,95.5957,94.25465,92.5609,96.64581,96.6926,98.54909,100.5891,97.90902,103.0983,101.1456,103.4515,,,100.8259,102.3348,
IDA only,36.51649857,36.53166962,36.75410843,37.68721008,37.9233017,38.73104095,39.43880081,38.16175079,39.09617996,39.69384003,40.33729172,41.4600296,42.88673019,43.76208115,45.92687988,44.43098068,44.91769028,45.02994919,44.92768097,44.67219925,45.57999039,46.47930908,46.46612167,47.13072968,46.72262955,46.95177841,47.58671951,47.61820984,48.30942917,49.72875977,50.79077911,52.63898087,54.61975098,56.48947144,57.9323082,60.52867889,61.96385956,62.96842957,64.78674316,68.08106995,68.71763,69.88734,70.84736,70.31207,70.95574,71.44977,71.84764,72.94738,73.55166,
India,,39.45016861,,,41.44734955,,,,,,,,,,,,,62.97386169,64.3319397,,,,,,,71.54782867,,,,68.65772247,71.48611,72.16954,75.56007,80.04438,,,,,94.75758,95.74629,,92.76336,,96.20089,97.57112,97.71132,96.2307,94.37375,,
Ireland,,,,,,,,,,,,,,,,,,,,,,,100.6668091,101.0278625,98.89147186,97.79921722,,,,,,,,,,,,,,,,,,,,,,,,
"Iran, Islamic Rep.",,50.13272095,,,,,,,,,,,,,77.66526031,80.46021271,80.77256012,80.72049713,81.07167816,81.55464935,84.22763824,87.3680191,90.38455963,95.68232727,93.91754913,97.69940186,,95.0014801,,,90.7171,95.96119,97.4656,94.36323,104.55624,106.15255,96.41342,92.16934,94.42535,98.14306,99.45253,98.78841,97.20739,,,98.3015,100.2644,99.43879,,
Iraq,,40.54576874,39.68460083,42.74599075,43.5374794,51.38143921,51.73236847,64.94976807,66.17466736,,73.24382019,,,56.7179718,,65.14035034,63.99110031,58.10454941,60.87149048,59.18688965,,,,59.67451096,,,,,,57.31987,56.27178,,,,79.61645,,,66.99707,,,,,,,,,,,,
Italy,,97.30622101,99.33643341,99.12879944,100.3076935,107.9661789,106.097229,105.5272675,102.5643387,102.0567322,103.5448608,100.5078201,101.0390167,100.1255493,100.1170883,102.2253799,101.7537079,100.4072495,99.84171295,100.1887436,100.6820068,97.96190643,98.43389893,,99.67603302,98.34761047,99.06497192,95.80625916,,100.7136383,101.74487,104.91228,103.36188,103.70881,102.13256,100.30556,100.41952,102.36107,105.73237,103.60319,104.2058,105.3639,101.4162,100.3593,100.1127,99.80955,97.74971,98.81698,,
Jamaica,,,,,,,79.73547363,81.52940369,,87.67297363,85.01109314,86.25036621,,,88.89234161,85.54231262,86.5372467,90.00505066,92.13092804,94.78019714,95.30735016,92.41129303,,88.88420105,,,,,,,86.36895,80.85038,86.6745,,86.59801,,,,,,,,,,,85.76688,85.9205,87.48408,85.61918,
Jordan,,,67.28333282,73.5326004,85.66226959,95.49536896,97.62326813,97.71948242,99.44281769,98.43753052,98.79959106,95.68183899,94.23596191,90.35392761,93.33901978,93.78093719,,85.07441711,87.25798035,88.85459137,91.79074097,93.80541229,93.90026855,92.70995331,95.44355774,,91.69711304,,,92.08968353,94.4665,,90.38475,92.94633,93.22077,96.1615,93.67273,96.56779,94.69017,,,77.24939,,73.82997,75.16387,,72.06589,71.33764,72.70051,
Kazakhstan,,,,,,,,,,,,,,,,,,,,,,,,,106.4703674,102.3547974,,100.2680817,96.34853363,,93.19256,95.47871,96.79334,98.0269,104.86485,105.762,101.84858,98.3568,102.45079,104.11331,107.4488,114.1406,107.5193,109.3173,115.1544,114.2725,110.2986,109.6561,110.3839,
Kenya,47.94202042,50.15600967,53.37625885,55.0814209,,60.02484131,62.1115303,66.4385376,67.67622375,88.30117798,84.85890198,83.25048065,,,,,,,,,,,,,,,,,,,,,,,86.32242,86.9425,,,,,,,,,97.201,99.1434,99.67874,,,
Kyrgyz Republic,,,,,,,,,,,,,,,,,,,,,,,,,,103.7714691,100.0982513,,,93.82096863,93.64906,93.55748,93.72249,90.65829,92.86183,97.62499,101.51398,97.08724,95.51502,98.01081,97.05923,95.32794,95.74698,99.34651,102.2727,108.2004,101.7859,101.5569,104.5163,
Kiribati,,,,,,,,76.76702118,85.85591888,72.56461334,84.53333282,132.3450165,122.8531876,129.1636963,127.3952103,127.5328674,126.3636398,110.1719208,109.4262314,113.4765625,102.3096085,112.7878799,111.6637115,106.8469467,108.5331802,110.3187485,121.1518326,122.6463089,,106.5473404,98.97817,117.16521,111.30515,119.62704,123.06604,122.92052,113.21244,118.30228,106.25,,,,,,113.1809,,100.8696,,,
St. Kitts and Nevis,,,,,,,,,,,,,,,,,,,,,,,119.0118179,,,,,,,,115.14423,114.6283,116.78487,103.67299,113.73494,112.68473,,101.35301,93.91727,105.76923,102.0311,108.7167,110.3491,109.0909,101.9711,107.9515,98.08482,,,
"Korea, Rep.",,95.79290009,97.51075745,106.4196777,104.3195114,103.9184723,107.6986694,101.5512466,100.0370865,102.8918228,99.43681335,103.7559891,101.225769,102.9577332,109.0261765,106.545433,105.4403229,104.6734238,99.87798309,95.00306702,98.98799133,96.49688721,107.4377823,106.743988,108.7967072,108.4369812,,97.09417725,99.08753204,103.6883087,103.22698,99.65302,94.81356,100.86785,99.67647,97.84371,99.13932,101.09234,100.1077,101.62335,101.1587,102.9781,109.6998,103.1859,96.15532,101.4108,98.01557,91.35512,,
Kuwait,,61.27225876,56.63850021,54.41772079,51.68162918,60.58837891,83.13787842,68.99791718,74.75167084,75.71219635,81.88318634,93.4330368,91.41120148,94.06117249,94.98815918,96.38842773,97.0925293,97.21581268,,,,,55.78308105,,78.39118195,71.78057098,101.2859116,99.95968628,,100.66996,99.54678,87.31303,93.39803,98.4588,100.62793,111.69059,,106.4244,,,97.45946,98.99493,97.88351,100,,,100.579,95.37189,91.81941,
Latin America & Caribbean (excluding high income),79.42552185,79.83683014,80.08506012,81.00408936,81.6338501,82.27610016,83.52372742,85.8093338,86.12561035,86.9682312,87.66007233,88.29051971,89.04429626,90.31169128,91.63738251,91.27175903,92.16999817,92.37850189,92.23562622,92.01567078,91.87996674,92.05860138,93.39060974,93.85553741,94.28751373,94.66230011,95.07996368,95.84349823,96.81494141,97.00843048,97.89260101,97.59162903,99.55386353,98.39666748,96.25064087,96.94902802,98.13514709,99.18750763,99.17138672,99.49398041,99.95602,100.1717,100.7736,100.4533,100.828,99.51683,99.32617,98.93781,98.83801,
Lao PDR,,,,,,,,,,,,,,,,,,,41.98841095,,43.28926086,,40.38301849,43.43988037,48.54685974,,56.6086998,59.54944992,63.71025085,69.00775146,67.38773,67.54495,67.98867,67.47633,67.82992,70.1624,73.94615,76.45172,78.75924,81.76179,85.67514,91.37177,95.03048,99.32384,100.7859,101.0114,99.73227,101.3969,97.89004,
Libya,,42.82278824,77.03163147,68.18631744,83.76061249,102.7709808,96.73055267,99.94631195,97.82539368,92.37561798,85.32678986,87.37724304,,93.56580353,,,,,,,,,,,,,,,,,,,,,,,,,,,,,,,,,,,,
St. Lucia,,,,,,,,,,,,,,106.385437,101.5389099,,,,,,123.8759689,116.7452087,,119.8142395,,,,,,,,,105.43385,104.85714,104.11629,99.82563,106.84087,106.64097,,,,,,,,,95.49051,92.07718,94.89362,
Latin America & Caribbean,79.39523315,80.07189178,80.46360016,81.40921021,81.93517303,82.5766983,83.89750671,85.9582901,86.26793671,87.09677124,87.83399963,88.46829987,89.22418213,90.47258759,91.7122879,91.36785126,92.23291779,92.45497894,92.3094635,92.11051178,91.99378204,92.17140961,93.44100189,93.89424133,94.30503082,94.65688324,95.0528717,95.67870331,96.6545105,96.85495758,97.70394135,97.39337158,99.26463318,98.15270233,96.12393951,96.79788208,97.93897247,98.99395752,99.00171661,99.31204987,99.72021,99.95938,100.6185,100.2984,100.6464,99.33219,99.09733,98.69285,98.59721,
Least developed countries: UN classification,,34.06946945,34.37886047,35.43645096,35.68450928,36.38037872,36.94184875,35.35548019,36.29101181,37.00463104,37.6421814,38.62807083,39.90803146,40.7726593,43.0693512,41.48138046,41.84000015,41.82584,41.64532852,41.35494995,42.34423065,43.10940933,42.97164917,43.84235001,43.31361008,43.69168091,44.45035172,44.6085701,45.29491043,46.62596893,47.73036957,49.66580963,51.71865845,53.55934906,55.19889832,57.70888138,59.31206131,60.49230957,62.37052155,65.82762146,66.30133,67.49464,68.28906,68.71382,69.4242,69.60924,70.02098,71.02377,71.65654,
Low income,33.02457047,32.54177094,33.13779068,33.56697083,34.47573853,35.96144104,37.24959946,39.02724838,40.81581879,41.99811172,42.99979019,44.51226044,45.78569031,46.12889862,48.58013153,44.97727966,44.34157181,43.12052155,41.6297493,40.35876846,41.65190125,42.74945831,42.51266861,43.26292038,42.16508865,42.30371857,42.91312027,42.48054886,42.7315712,44.25466156,45.07096863,47.59009933,50.01953125,52.29475021,53.75839996,56.50304031,59.19190979,60.96231842,63.93655014,67.59944916,67.32414,67.10401,67.6691,66.35021,66.65383,66.3809,66.43989,66.75148,67.34856,
Sri Lanka,63.54991913,,79.88200378,,73.10334015,70.92987061,42.35855865,57.99739075,74.69657898,77.88155365,85.09211731,93.43437958,87.25079346,86.91439819,90.16683197,89.42481995,90.07790375,90.30232239,,95.41200256,97.43482208,99.75356293,99.20105743,,,,,,97.34510803,,,107.29525,112.61933,105.20433,,101.16576,100.19559,97.47683,92.49483,92.36516,98.91219,100.1321,97.25628,98.31142,98.10511,99.05147,101.1093,102.345,,
Lower middle income,51.40647888,51.399189,51.42264938,52.18621063,52.21857834,53.05986023,53.87253189,54.49882126,55.43006134,56.13983154,57.62437057,59.13734818,60.71683121,62.33140182,64.41275024,66.42079163,67.66429901,68.5672226,69.37039185,70.0499115,70.53614807,70.78929901,71.03105927,72.0422821,72.84358978,73.49263,73.24156952,73.11430359,73.12986755,73.09234619,74.73989105,75.62216949,77.08421326,79.30445099,80.77967072,82.47200775,83.75515747,84.82987976,85.48046875,86.65693665,86.95519,86.68361,88.54582,89.36037,90.53614,90.84463,90.28852,90.1813,90.76579,
Low & middle income,69.23554993,69.23809052,69.58939362,70.20110321,70.46633148,71.18074036,71.88935852,72.87615967,73.71669006,74.497612,75.49829865,76.37364197,76.97109985,77.58226013,78.64466095,79.10031891,79.26545715,79.11493683,79.12227631,78.69664001,78.92796326,79.26894379,78.77085876,79.63980103,80.30265045,79.68578339,78.62853241,78.28318787,78.55345917,78.83393097,79.95134735,80.78643036,81.53063202,82.31089783,82.91671753,83.86981964,84.40115356,85.41780853,87.16639709,87.95159912,87.69969,87.04003,87.98323,88.08449,87.79516,87.41011,87.57806,87.93796,88.60169,
Lesotho,,32.26605988,35.98149872,39.97074127,49.23178864,51.80546951,48.1728096,44.05900955,44.31985092,44.88832092,44.78754044,45.82088089,46.12141037,47.13330078,47.53144073,47.46659088,47.36981964,49.55041885,51.72296143,51.84571075,53.7387619,54.20127869,56.39112854,56.08813095,57.98223114,61.24393082,58.93796921,58.30147934,58.47270966,57.50691986,56.74876,59.65581,62.1578,65.57006,69.29904,65.79829,85.58231,82.58884,81.52989,83.21072,86.99314,85.57065,83.27728,82.98185,82.23049,81.75555,85.62885,,,
Late-demographic dividend,,,,,,,,,,,,,,,,,,,97.71186066,97.57900238,98.4475708,99.15093994,97.2714386,98.47736359,99.89170074,97.24964905,94.1865921,92.744133,93.3060379,93.73029327,94.38227081,95.27874756,95.1703186,94.63925171,93.88436127,93.74043274,93.82254791,94.91899872,98.46589661,98.31033325,97.33408,95.97202,95.89831,95.41428,92.36651,91.13027,93.33469,95.44132,96.85427,
Luxembourg,,,,,,82.97514343,82.83679962,85.74375916,84.37618256,84.22151184,,,,82.85838318,,,,,,,,,,,,,,,,,,,,,,,,,,,84.28455,84.36893,85.84982,82.23399,79.67519,79.15052,79.07543,80.28714,,
"Macao SAR, China",,,,,,,,,,,,,,,,,,,,,115.3346024,,96.58998108,94.57180023,,,,,,100.5497284,98.33944,97.65399,96.72071,93.08075,96.53009,89.4146,94.60598,92.86459,92.93219,90.99761,92.4899,93.04262,94.08878,90.11976,93.26971,93.86437,98.21862,100.9514,101.0806,
Morocco,,26.21987915,25.90563965,26.74415016,27.40320969,28.85368919,31.3373394,33.74488831,37.06919861,39.97634125,42.29988098,43.82444,46.65504837,48.12916946,49.63851929,58.1738205,56.44995117,55.93227005,52.0014801,44.55057907,50.83808136,47.22322083,45.81441116,46.2188797,46.36502075,48.0033989,48.78707123,50.55178833,53.80553818,55.77500916,58.7089,60.21665,62.4766,66.78035,74.24164,78.79193,82.50327,83.03487,81.70568,81.34089,85.32665,89.36157,98.01963,96.0231,96.30816,96.25771,95.04204,92.92953,93.59746,
Madagascar,,27.0122509,29.63990021,29.21636963,,31.74353027,,,,,,,,,,,,,37.53620148,35.40575027,35.06270981,33.79050064,31.00875092,31.90892029,29.14633942,28.91202927,29.49620056,,30.22361946,33.51794815,36.70574,36.19732,36.25742,40.09122,45.97765,58.28878,57.07948,61.22326,67.43195,73.94528,70.37521,70.69733,69.12863,67.96189,68.1987,68.65421,67.57843,,65.46877,
Middle East & North Africa,48.70700836,48.65475845,48.78908157,50.72319031,52.64131927,55.96707153,57.93378067,60.41233063,60.20064163,56.53514862,59.90618134,63.57017136,64.69606018,66.25617218,68.91075897,73.33428955,72.48365784,72.47444153,72.94097137,73.32346344,75.11580658,75.87831879,77.29949951,78.77829742,79.03829956,80.77031708,81.22830963,81.56060791,82.03260803,82.35616302,81.5530777,83.48674011,84.46186829,85.93579865,89.52616119,90.58171844,87.04321289,87.97297668,90.02835083,88.91378784,90.59873,91.5446,93.57426,91.53968,92.64728,92.33211,91.91429,90.90809,91.32697,
Mexico,,,,,,69.57299042,71.17320251,76.2406311,76.19187164,79.97132111,82.82216644,85.2611618,87.32382965,89.71663666,94.30554199,93.39253998,94.84171295,94.2199707,92.87982941,91.52011871,88.7490387,88.001297,89.59416199,90.39311981,91.56062317,93.90609741,95.0162735,95.20600891,,95.76796722,96.64558,97.434,99.04663,98.93366,100.29503,100.57364,100.8882,101.96069,101.29036,99.82452,100.2394,100.1975,106.011,109.425,110.5088,104.9098,103.9694,104.0978,,
Middle income,72.14083099,72.16970825,72.46688843,73.07739258,73.30240631,73.98535919,74.66863251,75.59249878,76.3584137,77.10646057,78.10816956,78.94716644,79.51885986,80.18157196,81.16309357,82.00482178,82.30380249,82.31632233,82.54405212,82.3035965,82.54022217,82.88511658,82.4128418,83.3520813,84.26685333,83.63465118,82.42783356,81.98378754,82.35513306,82.52771759,83.72840881,84.51251221,85.23567963,86.00493622,86.66487885,87.54795074,87.90840912,88.9153595,90.59264374,91.04238892,90.87207,90.22132,91.3065,91.71293,91.3957,91.05638,91.31099,91.7372,92.47109,
North Macedonia,,,,,,,,,,,,,,,,,,,,,,,,94.66309357,94.65383148,93.16253662,95.71790314,96.41503143,100.0711899,99.55412292,96.17159,94.8504,96.16398,92.65185,91.78143,93.18821,91.71085,91.5907,91.76322,91.70715,,,,89.72982,90.13024,91.28557,,,,
Mali,,10.05257034,9.234339714,9.610699654,10.3650198,,11.50673962,13.81923008,12.93373013,13.63486958,12.0618,11.61676025,,11.82734966,11.29913044,10.66479969,9.795639992,9.731249809,9.409270287,,,,,,,,,,,,31.06593,35.1238,36.02548,39.05849,40.85932,42.2631,47.31689,50.29813,52.92718,54.47352,57.57083,58.27115,54.55113,54.25203,53.20569,50.92628,51.04618,49.61439,,
Malta,,109.3550873,111.6043625,105.8841782,106.6614838,94.01062775,73.16481781,95.68386078,91.17352295,100.6377563,104.9795227,118.480751,104.6042023,101.1532364,97.31923676,103.7649231,104.691452,109.7969437,101.159317,102.9330063,101.6882019,99.29517365,101.8200531,104.8167877,104.3335571,100.069252,100.6062698,99.30338287,101.0339966,103.5865707,106.99213,105.85455,106.08009,103.44253,99.96269,96.12183,100.01935,97.93711,101.28738,95.12616,99.79793,101.1935,94.63768,97.98257,102.6799,100.2057,101.8052,,,
Myanmar,,35.51057816,33.6980896,41.46263885,39.08029175,,,,,,,,,,,,,,,,,,,,,,,,,70.40447235,76.45822,75.71193,76.65383,78.8135,80.66626,,84.8134,84.8533,85.65215,84.56769,84.92347,,,,86.86063,,87.00088,96.04918,,
Middle East & North Africa (excluding high income),48.06251907,48.03950119,48.22188187,50.35197067,52.467659,56.03385925,58.03134155,60.73480988,60.46718979,56.45885849,59.97943115,63.75825119,64.8776474,66.47486877,69.27545929,74.06031799,73.02094269,72.90545654,73.35186005,73.65525818,75.54878235,76.31767273,77.85423279,79.33506012,79.48284149,81.34145355,81.60333252,81.76940155,82.1254425,82.33358002,81.35653687,83.45761871,84.3117218,85.75055695,89.52879333,90.55122375,86.28079224,86.97322845,89.04750061,87.62638092,89.4595,90.42245,92.17353,89.67899,89.99198,89.67914,89.60272,89.34616,90.36671,
Mongolia,,,,,,,,,95.70172119,99.92340088,99.36173248,,,98.03922272,,,,,,,,,,,,74.71463776,79.64012146,77.09549713,88.63807678,86.76286316,86.94968,91.96691,99.3582,100.97004,97.79451,96.16282,,,,,,,,,,98.12887,92.99312,91.50744,101.7796,
Mozambique,,,,8.548800468,,,,,,,,,36.70137024,28.65740967,33.98735046,34.37651062,46.07315063,34.6079216,27.32258034,26.94894981,28.10639,28.22294998,26.15246964,25.76950073,25.98340034,26.36037064,,,,14.38055038,16.57523,19.36938,22.77031,,29.84896,41.82892,41.2638,45.4419,58.13263,55.26906,58.99485,54.87825,52.04406,49.54563,48.809,48.95318,,47.14291,51.98764,
Mauritania,,,,,,,10.11534023,10.27752972,11.84657955,15.69608974,18.77519989,25.07891083,,28.79690933,,29.68033981,31.98068047,32.73868942,38.13784027,33.94799042,28.56318092,32.11301041,30.9414196,32.3280983,31.86035919,32.73976898,33.51755905,37.72180176,43.06264877,44.28231812,,44.76181,42.78839,,,43.46978,44.63147,56.34514,,69.21951,,,70.43614,72.62331,69.68059,70.39259,,69.71431,76.05602,
Mauritius,,,,,,,,,,,,,,86.32550049,80.83859253,93.42436981,125.3233566,100.0513306,102.7042389,67.97722626,113.64991,114.1379013,109.6963806,101.9887619,97.50569153,95.85962677,93.85681152,93.82466125,97.42868805,102.6889114,102.79398,101.88956,98.338,99.16805,96.03674,97.48793,95.00874,97.42126,97.0626,94.79415,99.26861,98.42845,95.62267,97.34062,96.91483,100.4806,101.0687,98.20008,100.7912,
Malawi,,,,,20.43902016,21.68939018,23.82975006,28.17892075,29.17209053,31.1299305,31.68334961,34.19107056,33.83198929,33.66397858,32.17247009,33.4029007,32.68717957,32.67435837,26.56138039,27.68425941,30.31562042,33.77556992,37.54444885,39.85985184,42.32862091,54.82429886,63.49089813,,,64.44273376,63.48489,65.07367,68.62548,,60.58399,60.37607,59.8608,60.64087,65.31299,66.76926,69.20667,71.6099,74.80018,80.04419,80.00207,,,,,
Malaysia,,,,,83.34879303,,,,,,94.93605804,92.01232147,92.07620239,95.65714264,94.78948212,93.46688843,,93.02792358,93.4750824,91.20976257,89.32008362,90.79515839,,94.09687805,,,,,97.44970703,95.06672668,100.66891,,92.83458,93.5688,98.23886,103.80972,99.90333,97.90133,98.89887,99.55062,97.25932,99.98245,106.7284,102.8558,102.2999,101.76,100.0088,99.4916,,
Niger,,5.310800076,6.460929871,6.551760197,6.479469776,6.861660004,7.512189865,8.403820038,10.24600983,10.6716404,13.72097969,14.63412952,16.93020058,18.34153938,19.9825592,19.63311958,21.67921066,22.74241066,,14.86905003,16.32300949,17.36731911,18.18634033,16.1076107,,13.45343018,13.8539896,17.81744003,18.78352928,19.38180923,18.37959,19.40044,21.1115,20.46727,26.61951,29.39775,32.20076,38.88186,37.40855,39.65544,39.68682,44.36259,47.79381,47.71931,57.60814,,71.62694,,,
Nicaragua,25.56788063,29.02397919,29.29565048,31.71202087,29.75152969,,,34.62916946,34.36349869,30.50456047,34.31555176,,31.21117973,30.79585075,29.23570061,31.35280037,38.36439896,47.36021042,47.96350861,41.66032028,39.15042877,42.10882187,44.26884079,48.50019073,53.67111969,49.27013016,,,,66.7059021,65.76514,66.88876,74.687,74.4898,75.51402,79.23751,79.80111,80.65654,80.15253,,84.87586,,,,,,,,,
Netherlands,,97.96949005,95.91841125,95.71656036,94.58332825,94.37258911,94.69278717,93.76338196,92.59317017,92.06522369,92.79727173,97.54096985,99.49633026,98.85569763,97.05544281,92.65477753,,,,,,,,,,,,,,,,,,,,,,,,,,,,,,,,,,
Norway,,98.98770142,99.34136963,97.58238983,97.95021057,99.47064209,99.88381195,101.5536194,101.7591324,100.9091873,98.85791779,99.7250824,100.6479111,,100.3071823,99.79715729,97.32209015,98.08267212,96.27088165,95.00759888,95.12200165,99.90062714,101.1968994,99.98056793,,,,,97.69037628,97.63311005,97.92279,101.54751,102.71236,103.50533,102.60324,100.05779,97.57623,97.812,99.15969,101.26142,99.36022,97.66902,99.76106,101.0449,98.25799,97.96967,100.8554,101.035,,
Nepal,,,,,,,,,,,,,,,,,,,46.48983002,,,51.99401093,57.11106873,,,,,,,64.00843811,66.74876,66.5065,71.56506,72.62728,72.82317,76.15548,77.01021,,77.77894,,,,104.3141,105.5448,109.1985,111.8308,116.8022,121.7223,,
New Zealand,102.1515884,104.2076416,106.1378632,105.1617813,102.1568375,99.93631744,99.22129822,100.6051788,101.6140976,103.457962,,,,,,,,,,,,,,,,,,,,,,,,,,,,,,,,,,,,,,,,
OECD members,,,,,92.63124847,93.02810669,93.42201996,93.42955017,93.26126099,93.60944366,93.64079285,93.90564728,93.79972076,94.17694855,95.14705658,95.55937195,96.28218079,95.84703064,96.65200806,95.13517761,95.01618958,94.86859894,96.35796356,96.16236115,96.20999908,96.21363831,96.32627106,96.22595978,96.63670349,97.06729889,97.48329926,98.10830688,97.89932251,98.15035248,98.2522583,98.08003235,97.82927704,98.29969788,98.30918884,98.10003662,98.22411,98.56303,99.64553,99.51165,99.07622,98.82076,98.26986,98.22374,98.26621,
Oman,,,,,1.521950006,4.235459805,7.621150017,16.82308006,18.28862953,23.83880997,,,,36.40356827,42.65456009,41.83419037,45.4618187,48.02898026,54.76462936,61.92285156,65.07015228,,73.8967514,,71.7567215,74.24698639,76.87992859,79.30245972,81.53141022,83.85643768,82.94512,84.4149,87.46424,89.44495,,,,,,96.38111,,97.08152,101.2117,96.12754,103.9575,99.82886,103.6481,107.364,100.3571,
Other small states,59.31035995,59.62248993,60.64585876,61.16265106,62.96461105,62.60441971,61.56304169,60.08472061,61.20185852,62.61511993,62.25104141,65.01683044,65.15293884,64.57169342,63.68643951,65.89267731,68.50367737,66.12799835,66.1114502,63.67082977,66.47337341,66.24790192,66.26835632,65.88794708,66.93623352,67.28051758,68.81269836,70.44535065,73.23973083,74.37181854,74.69230652,75.9797821,76.78450012,77.63102722,77.04431915,77.05493164,79.09353638,79.74250793,80.83669281,81.13667297,81.56881,81.65593,82.69824,83.02357,82.98024,83.58246,84.1077,83.53213,84.58244,
Panama,64.3358078,68.56932068,72.62216949,78.4454422,81.13504791,84.73023987,97.87271118,94.31022644,91.60249329,90.37751007,85.84020233,83.75715637,81.95089722,83.07360077,79.15818024,80.6314621,80.76473236,81.14060974,79.50862122,80.83841705,,,,,,,,,,89.80497742,92.05299,92.33393,92.76725,,93.42283,92.95417,90.4028,94.58336,97.69869,97.70273,93.9422,98.54007,100.6355,99.64926,96.80075,,,89.79547,,
Peru,62.21110153,,,63.68893814,66.8839798,68.24017334,74.33056641,80.78862762,79.75202942,79.77172089,78.19718933,76.55168152,,,,80.63450623,,,,,,,,84.75939178,,85.02954102,,,93.24542236,97.95111084,96.83504,92.93535,92.84632,97.46296,97.17108,97.35833,99.45909,102.44877,101.93165,99.36102,101.1632,99.37334,94.78259,96.8406,97.8636,100.4051,104.5289,97.44566,96.10074,
Philippines,,,,,,,,,,,,85.81384277,,90.04151917,90.77742767,89.16893005,86.95989227,86.26950073,85.67077637,87.19975281,87.15969086,,,,,,,,84.70333099,86.46980286,,100.41462,94.45062,95.00768,93.72179,93.54664,91.12139,90.91187,91.79592,91.51912,,,,,98.58691,100.5178,103.1346,108.6775,,
Papua New Guinea,,,,,,,,,,,,,,,,,,41.32038116,43.41915131,42.96202087,41.54188919,39.61936188,40.2294693,,45.49475861,45.38935089,46.58929062,45.10974884,46.31015015,,50.02369,50.94588,52.40367,54.35295,,,,,,,,,,,72.70093,,77.12385,,,
Poland,,94.29238892,93.03404999,92.1947937,95.38632202,97.10286713,100.5487518,100.3770599,98.45498657,96.84320068,96.04775238,94.34764099,94.04180145,94.91377258,93.8345871,95.82993317,97.15325928,98.76708221,100.0841293,100.9047928,97.80934143,96.11871338,97.15763092,99.23616791,95.66346741,95.18718719,97.98770905,99.1314621,97.37574005,96.56999969,95.68996,97.52599,97.12105,97.93739,98.0164,94.62143,93.37823,93.11899,,92.85269,93.47019,93.6315,94.65113,96.64032,96.91202,100.0444,101.7504,106.2427,,
Pre-demographic dividend,43.95565033,44.02925873,44.7298317,45.45642853,46.14620972,47.54270172,48.39722824,50.37717819,52.08518982,54.09983826,54.89886856,55.81684875,56.44470978,56.50844955,58.83047867,56.18257141,55.89984131,54.84436035,54.10898972,52.93050003,53.76292038,54.5099411,53.86904144,54.82257843,53.97610855,54.06869125,54.55335999,54.29747009,53.903759,54.54901123,54.75133133,56.39614105,57.6842804,58.69029999,59.96107101,61.76092911,64.7640686,64.42886353,64.91207886,67.87728119,67.04605,67.47281,67.88835,67.6926,67.86665,67.86565,67.92278,68.15121,68.40105,
Portugal,,,56.23340988,59.8891716,65.98256683,72.35614777,66.53974152,,,,,,,,,,,,,,,,,,,,,,,,,,,,,,,,,,,,,,,,,,,
Paraguay,43.64163971,45.54291916,44.2293396,47.41904831,48.5216713,48.76581955,49.93283844,51.4865303,52.20962906,,54.52780151,57.54347992,59.60919189,62.62863922,64.38258362,66.23071289,64.68222809,64.86814117,64.28424835,64.07569885,65.23925018,68.78182983,69.96626282,76.08013916,76.09539032,77.84468842,81.75520325,,91.43164825,88.228508,91.03296,91.10053,92.78909,95.25095,94.0304,94.39012,93.23162,93.8201,93.53357,93.14137,91.68023,88.78322,88.03662,,,,,,,
Pacific island small states,,83.76927948,83.71151733,86.31817627,85.74536133,87.6696701,90.16873932,90.75404358,94.34313202,92.43383026,92.04428101,93.64575195,90.30580139,89.18955231,86.3657608,85.38999939,86.7399292,87.48783875,88.79522705,90.33579254,91.33453369,93.14215851,93.74414825,93.4932785,92.89164734,93.20374298,93.68123627,95.40920258,95.47540283,93.37306976,91.43991089,95.04116058,96.76870728,97.79788208,98.69927216,99.7303772,99.30213165,98.85813904,96.57958221,96.39875793,96.42018,96.62767,97.19334,98.44138,99.32091,100.3845,98.71352,98.24978,97.64583,
Post-demographic dividend,,94.66661835,94.42915344,95.18488312,95.18950653,95.62098694,96.08924103,96.01410675,96.17492676,96.2615509,95.99891663,95.87812042,95.26992798,95.25926971,95.97753906,96.37447357,96.38439178,95.96250153,95.87789154,95.67169952,96.16642761,96.01251984,96.34796143,96.79937744,96.88382721,96.76986694,96.64190674,96.50035095,97.09230804,97.45671082,97.70204926,98.46421051,98.29576874,98.42881775,98.44685364,98.11235046,97.60256195,97.99520111,97.80728149,97.78913879,97.93925,,,,97.8746,98.39723,97.99439,97.94724,97.98898,
Qatar,,61.48073959,64.46498871,65.0602417,62.8311882,67.94032288,75.04387665,74.09580231,89.58853149,88.12329865,86.37680817,81.62323761,89.76480103,,86.36976624,85.04067993,80.98399353,69.53125,74.61878967,74.17658997,73.26586914,73.65097046,66.03312683,64.58383942,64.16609192,59.25801086,50.85123062,,90.19149017,93.88314819,,,,100.42905,,93.98363,89.62711,103.67594,106.38184,101.87122,,95.49075,,96.38107,91.95512,92.64426,94.74805,95.66955,,
Rwanda,,21.01321983,22.82049942,25.33366013,26.55170059,28.30772018,,30.28216934,27.81941032,,37.54317856,48.50830078,47.54627991,45.69305038,46.56948853,47.48394012,43.74116898,42.89767075,43.26448059,43.3726387,42.48289108,42.94945908,46.19620895,,,,,,,31.94725037,25.08176,26.42844,32.06347,41.7366,40.76082,,,,51.28987,69.37141,71.87429,,71.16143,69.14878,62.99047,63.35087,69.06014,78.19881,86.54635,
South Asia,41.87129974,42.03116989,42.70204163,43.15962982,43.61631012,44.86016846,45.65504837,45.9890213,47.47230911,48.7473793,50.08555984,51.48350143,52.86151123,54.28749847,55.76456833,57.24681091,58.7501297,60.24074936,61.53353119,62.60757065,63.56343079,64.51985931,65.48008728,66.36293793,67.27931213,68.19161987,67.79434204,67.41008759,67.02729034,66.69570923,69.02494049,69.70452881,72.4969635,75.87848663,78.164711,80.52523804,82.39266205,84.34416199,86.17191315,87.67234039,87.36908,86.9308,88.9797,90.58885,92.03729,92.50064,91.82644,91.20932,91.87583,
Saudi Arabia,,,,,,,,,,39.77986908,,,,,,,,,,,,,,,,,,,,,,,,,,86.10549,,93.2617,96.91412,,,101.6528,107.1598,110.9643,121.9367,119.4841,115.576,,,
Senegal,,26.55971909,26.6384697,26.78083992,,,,,30.93202019,32.44979858,30.32056046,31.93498039,32.35044098,33.66469955,34.59215164,34.74085999,37.40974045,,42.52087021,43.30847168,42.73115158,,39.61766052,,38.35165024,,39.54998016,39.95243073,42.49591827,42.28107834,39.0335,43.65107,46.33621,46.42817,47.39707,52.24157,49.1989,50.56675,57.47991,57.89511,57.17406,60.64988,60.14091,60.68395,61.3225,59.66015,59.85945,61.20369,57.06,
Solomon Islands,,,,,,44.08808899,,,,,67.46965027,62.0454483,55.38835144,52.8852005,48.87569046,,52.66984177,,,,60.10129929,71.66513824,68.8637619,70.13539124,72.49723816,,,,,,,,,,,,,,,,84.89247,85.55439,85.07463,85.7194,86.54979,88.05919,88.32666,87.99547,86.78567,
Sierra Leone,,,,,,,,,22.57608986,,,,25.81681061,25.76851082,,,,,,,,,,,,,,,,,,,,,,,,74.27322,,,,67.86105,64.16042,62.9758,,59.79026,68.33249,70.19276,81.78534,
El Salvador,,40.59640884,44.29063034,49.83292007,51.26313019,51.07009125,50.33666992,51.6271019,,,,46.37034988,49.26992035,50.47573853,48.56079865,,,61.58181,65.20430756,63.02045822,,66.17469025,67.66175842,70.48439026,,72.62667084,77.76956177,,81.44506073,,91.04666,89.80072,88.49029,87.85712,,89.13976,88.98687,93.26925,94.73158,97.46216,99.7349,103.335,103.4041,101.8349,100.1043,96.26838,92.97918,90.37033,,
San Marino,,77.38420105,90.35813141,89.635849,,,,,,,,,,114.3884888,109.9630966,108.7591171,100.6944427,100,86.53845978,90.28212738,80.89172363,85.47296906,81.91488647,93.30854797,100,,,,,,84.75836,,,,84.21053,,,,109.92908,112.91513,121.1111,108.2437,120.5575,,,,,,107.4193,
Sub-Saharan Africa (excluding high income),46.12234116,46.1966095,46.70621872,47.21522141,47.76063156,48.72671127,49.45824051,50.70375824,52.08446884,53.64881897,54.19260025,55.26150131,56.11545181,56.51499939,58.44594955,56.16344833,55.99832916,55.36362076,54.59494019,53.49306107,54.09741974,54.57479095,54.07611084,54.71886063,53.7999382,53.74736023,54.14120102,53.96445084,53.73038101,54.05281067,54.39585876,55.9941597,57.25445938,58.3975296,59.56143188,61.73559952,64.53424072,64.32285309,65.02400208,67.92740631,67.94731,67.76414,67.96965,67.93189,68.08503,68.24633,68.19977,68.45779,68.78184,
South Sudan,,,,,,,,,,,,,,,,,,,,,,,,,,,,,,,,,,,,,,,,,,27.43709,,,,,,,,
Sub-Saharan Africa,46.12960052,46.20587921,46.71710968,47.22566986,47.77061081,48.73624039,49.46818924,50.71242905,52.09358978,53.6570816,54.20019913,55.26763153,56.12147903,56.52215958,58.45161819,56.16899109,56.00600815,55.36999893,54.5994606,53.49797821,54.10295868,54.58073044,54.08140182,54.72380066,53.80463028,53.75205994,54.14596176,53.96942139,53.73484039,54.05728149,54.40008926,55.99869919,57.25878906,58.40169144,59.56505966,61.73976135,64.53788757,64.32626343,65.02719879,67.92989349,67.94991,67.76664,67.97173,67.93391,68.08737,68.24851,68.20217,68.45962,68.78364,
Small states,,71.77446747,72.24993896,72.62113953,73.63597107,73.42836761,72.78488922,72.38764191,73.03222656,74.00676727,72.85714722,74.91182709,74.9642334,74.13957214,73.13500214,73.69351196,75.53482819,74.24330902,74.3990097,73.11789703,75.09848785,74.75100708,74.61708069,74.02583313,74.26540375,74.05133057,75.02410126,76.35540009,78.67559052,79.63391876,79.46116638,79.60189819,80.59165955,81.12460327,81.11791992,81.24936676,82.83148193,83.19138336,83.93495178,84.33695221,84.37093,84.63713,85.48379,85.5949,85.61012,86.16342,86.36897,85.90957,86.57324,
Sao Tome and Principe,,,,,,,,51.0702095,,,56.96897888,85.04709625,110.035141,111.6557312,109.3609009,98.5840683,,52.91616058,66.36965179,,71.87918091,,,,,,,,,43.8847084,,,54.86076,55.33008,69.96109,73.5248,,71.16488,73.89715,81.72529,81.78464,107.6343,,94.68756,85.47092,,77.48247,84.34609,,
Suriname,,,,,,,74.00070953,83.59388733,76.63053131,80.67874908,,82.57621765,89.57533264,95.14489746,93.23851013,89.73039246,,85.8394165,83.67089844,89.95456696,,,,,,,,,,,,,,,,72.32108,80.05441,69.73761,81.72273,84.2177,87.05618,86.43059,86.74711,85.93082,89.10132,89.56555,88.04,85.34784,85.14813,
Slovak Republic,,,,,,,,,,,,,,,,,,,,,,,96.13661194,96.19185638,98.25865173,98.30158234,96.78701019,95.72351074,98.03057098,97.54325104,96.26742,100.13052,97.50544,98.38575,96.92295,92.67681,93.2233,95.03367,97.41288,99.14994,99.06212,96.09583,93.18823,94.59078,96.30829,95.96458,92.44306,91.90563,,
Slovenia,,,,,,,,,,,,,,,,,,,,,,,,93.07775116,92.39521027,93.84973907,93.50417328,94.98872375,99.27718353,99.40904999,96.37517,96.57309,96.7696,101.90087,,,,,97.00967,96.05603,97.21167,96.34836,101.9723,99.29289,100.0733,98.08545,97.90015,95.69825,,
Sweden,,94.66490173,94.29379272,90.87000275,91.29196167,92.78714752,96.76760101,104.0283966,104.3520508,104.8415909,103.1922073,96.47241211,91.99511719,93.43540955,98.03533173,,,100.6044998,98.26322937,96.2073822,96.47728729,96.28787231,100.5098419,106.0923233,104.279068,,,,,100.4051666,99.55305,102.26167,102.59241,106.48901,104.08778,100.13361,95.60119,95.09411,94.2909,93.21915,96.71507,101.3979,102.6795,102.4619,101.0253,103.7718,105.2293,105.3863,,
Eswatini,43.99782944,42.1345787,43.18613052,51.58856964,56.70671844,59.04058838,60.21955872,59.84379959,58.50059891,57.56171036,57.39601898,59.79322815,60.09333038,61.21609879,60.1673317,60.03520966,61.35395813,60.84619904,63.11513901,60.52037048,61.13367081,58.87022018,58.36756134,58.48334122,59.20911026,61.06985092,60.56388092,63.88919067,67.85611725,66.83602142,69.66107,66.96278,69.46579,66.40332,68.15931,70.59431,72.02888,80.49995,,79.07493,83.22717,83.80321,84.69747,86.04703,84.54666,89.14315,95.14886,95.81927,,
Seychelles,84.34844208,95.09329987,103.8926163,,99.3738327,98.52488708,102.7692337,97.97917938,102.6108093,,98.02632141,91.97828674,93.56015015,102.4405136,96.13733673,94.5510788,111.1595993,102.2967072,88.31803894,90.55589294,,101.5995331,97.71772003,97.14112091,95.80764008,,,101.6780624,98.381073,100.0624619,98.8757,105.65438,106.2621,107.05421,103.71599,115.18468,,112.32194,112.31778,106.57207,110.5183,110.2386,104.5666,104.5772,111.4109,108.7547,112.6462,102.197,101.8531,
Syrian Arab Republic,,55.20809937,59.08805084,59.33472061,63.78942108,67.85819244,71.98912048,75.43965912,77.77348328,74.82501221,73.21997833,74.63626862,79.06899261,81.052948,82.34043121,84.90395355,86.63461304,86.9968338,86.89729309,89.70002747,89.89820862,91.45558929,95.83834839,88.0113678,90.17445374,89.59461975,91.35092163,91.27483368,91.19721985,91.76779175,91.2443,92.73814,95.01954,106.06614,107.47379,109.00938,108.90684,106.00998,104.09589,103.05557,103.3671,106.9109,113.6243,72.29299,,,,,,
Chad,,15.2624197,,,12.94274998,,11.77451992,11.1054697,,,,,,,,,,,11.58073997,12.92121983,16.51408958,18.13635063,,,18.14903069,14.32831955,14.92397022,15.50078011,,20.04664993,22.1474,24.38902,27.11603,31.9352,33.48507,30.09582,29.59753,,,31.07718,30.86058,33.93759,34.40066,37.66219,,37.49597,41.32026,,,
East Asia & Pacific (IDA & IBRD countries),,,,,,,,,,,,,,,,,,,95.51165771,95.49498749,95.74320984,96.17149353,93.59867859,95.33882141,97.30542755,94.38433075,90.95440674,89.44815826,90.318573,91.17910004,92.28244019,93.48667908,92.92974854,92.79872131,92.46247864,92.04960632,91.62445831,93.34150696,97.12104797,96.78205872,96.03452,94.24676,95.3039,94.84614,92.16654,90.76817,93.28137,95.89522,97.5613,
Europe & Central Asia (IDA & IBRD countries),,,,,,,,,,,,,,94.74816895,94.76493073,95.37631989,96.09606171,96.15035248,98.33611298,96.23255157,96.35691833,96.4168396,96.36940002,95.82230377,95.40714264,94.4076767,94.20491028,94.5846405,94.45776367,94.19541168,94.1420517,96.30889893,97.21985626,96.4157486,97.31310272,98.7403183,96.78016663,95.52574158,96.01167297,96.99810028,97.37773,98.53321,97.79943,98.25976,97.85748,98.77111,96.89694,97.10148,97.44599,
Togo,,25.26165009,30.57850075,,,,42.74071121,,52.31446838,51.79573822,53.39947128,50.06322861,47.7038002,46.68484116,40.29664993,33.93872833,33.70658875,32.35454178,37.57527924,30.37071991,36.37184906,36.37707901,37.10565948,,28.43716049,40.40428162,47.02153015,,,57.26235962,66.62779,73.85542,,74.66125,76.71295,76.04608,75.49735,,67.11388,66.05271,70.35708,71.91787,75.12908,78.34173,84.2005,83.33914,92.71515,91.60781,89.67256,
Thailand,,,,,,37.5470314,39.60284042,39.91928101,40.96522903,,,71.38301086,,,,,,,,,,,,,,,,,,88.48335266,84.89218,86.88077,,,,,,,,,,,,,,,,93.36899,,
Tajikistan,,,,,,,,,,,,,,,,,,,,,,,,,,97.87663269,,71.37389374,,91.94490814,92.57575,96.78825,97.39144,94.96058,91.39969,100.97834,105.37828,94.07073,96.24758,98.94978,101.6947,102.7377,98.15614,,99.51608,101.0742,95.38155,94.91239,,
Latin America & the Caribbean (IDA & IBRD countries),79.64389801,80.35723877,80.98892975,81.82199097,82.11113739,82.66906738,83.60186005,85.20773315,85.29901886,86.33110809,87.28795624,88.20581818,89.27062988,90.33397675,91.50482178,91.24694824,92.21777344,92.38477325,92.27641296,92.06069183,91.97917175,92.15444183,93.54914093,94.04763794,94.28063202,94.63067627,95.02528381,95.77684021,96.78842163,97.01577759,97.85040283,97.52380371,99.33719635,98.25431824,96.20941162,96.87774658,98.06809998,99.1651535,99.2478714,99.47232819,99.90173,100.1273,100.8113,100.4995,100.7973,99.46498,99.28281,98.90732,98.87007,
Middle East & North Africa (IDA & IBRD countries),47.66630173,47.64358139,47.82342148,49.96530151,52.09505081,55.69554901,57.71297836,60.44427872,60.17438889,56.12537003,59.68667984,63.50709915,64.63860321,66.25276184,69.0824585,73.91757202,72.86720276,72.75061798,73.2022934,73.51010895,75.4260788,76.2036972,77.75583649,79.25131989,79.39940643,81.27586365,81.54331207,81.71856689,82.02870941,82.18417358,81.18630219,83.28430939,84.18460083,85.57006836,89.51441956,90.5120697,86.2275238,86.98700714,89.06846619,87.58863068,89.36511,90.39915,92.17251,89.57243,89.82201,89.51938,89.47528,89.16648,90.25497,
Tonga,,,,,,,,81.95298004,92.83167267,111.500351,,129.6282043,117.7671127,,116.7958679,96.0307312,101.9180527,,,,127.8249817,97.0515976,,111.076683,,,,,108.1236191,107.3992996,,105.49631,,,,108.05611,103.38846,,,,,,103.5685,116.0972,,,,,,
South Asia (IDA & IBRD),41.87129974,42.03116989,42.70204163,43.15962982,43.61631012,44.86016846,45.65504837,45.9890213,47.47230911,48.7473793,50.08555984,51.48350143,52.86151123,54.28749847,55.76456833,57.24681091,58.7501297,60.24074936,61.53353119,62.60757065,63.56343079,64.51985931,65.48008728,66.36293793,67.27931213,68.19161987,67.79434204,67.41008759,67.02729034,66.69570923,69.02494049,69.70452881,72.4969635,75.87848663,78.164711,80.52523804,82.39266205,84.34416199,86.17191315,87.67234039,87.36908,86.9308,88.9797,90.58885,92.03729,92.50064,91.82644,91.20932,91.87583,
Sub-Saharan Africa (IDA & IBRD countries),46.12960052,46.20587921,46.71710968,47.22566986,47.77061081,48.73624039,49.46818924,50.71242905,52.09358978,53.6570816,54.20019913,55.26763153,56.12147903,56.52215958,58.45161819,56.16899109,56.00600815,55.36999893,54.5994606,53.49797821,54.10295868,54.58073044,54.08140182,54.72380066,53.80463028,53.75205994,54.14596176,53.96942139,53.73484039,54.05728149,54.40008926,55.99869919,57.25878906,58.40169144,59.56505966,61.73976135,64.53788757,64.32626343,65.02719879,67.92989349,67.94991,67.76664,67.97173,67.93391,68.08737,68.24851,68.20217,68.45962,68.78364,
Trinidad and Tobago,,,,,,,,,,,,,112.8072968,,,95.09449768,,,96.63800049,,,99.78948212,99.22093964,97.29625702,,,87.81835938,89.82865143,,100.1251221,93.35761,86.68157,,89.32759,95.03304,91.93032,,95.77249,93.45759,95.77075,94.93678,,,,,,,,,
Tunisia,,56.92108917,53.93114853,59.99700165,60.71926117,66.41641235,65.00080109,67.41941071,70.86165619,59.45674133,61.40460968,81.58010101,62.88095856,63.45082092,67.07488251,67.64174652,70.67913055,72.01274109,71.68447113,76.37142181,81.12670135,74.99286652,69.52683258,73.84490204,80.24780273,89.96349335,87.0509491,89.25700378,,87.51792908,86.63253,87.87538,93.22085,97.03581,100.49605,103.30936,,102.61705,92.16459,88.64514,98.96886,,,96.80472,99.71773,103.3114,99.01363,95.05378,,
Turkey,,,,,,,,,,,,,,,88.98677826,91.07624054,96.27607727,95.85669708,108.4543686,94.06997681,94.87223816,96.92405701,102.6116562,95.96916962,95.91146851,93.95202637,,,,,,,,,98.16688,102.61311,98.91187,97.34625,98.66828,98.7296,98.97466,101.2482,99.81992,,91.39782,92.23309,,89.7489,,
Tuvalu,,,,,,,,,,,,,,,,,,,,,76.60819244,,,105.761322,83.84615326,,,,86.17886353,,,108.55856,95.39171,104.73934,113.04348,121.63462,113.27014,,,,,,,,86.97479,91.70124,84.77366,,78.71486,
Tanzania,,20.01111031,24.75522041,28.02732086,31.6792202,35.50973129,39.06047058,,,,,76.92212677,87.7122879,93.93315887,123.0485306,80.09234619,71.66226959,68.98171234,63.17060089,47.94467163,,63.23069,55.84867859,58.82833099,56.50273132,,,59.48965073,49.4006691,58.50127029,50.53854,55.86848,59.81444,,58.16949,54.89395,71.9443,82.71265,,103.61845,91.0452,,82.1113,76.73521,,,61.57209,,68.70373,
Uganda,,,,,,39.9762001,40.07733917,,,42.05794907,,,42.97251129,,,,38.81892014,,,,,,,,,,,,,,,60.4122,62.56145,62.29132,58.69959,57.47274,,53.5267,58.37014,75.11724,57.17233,55.07318,56.38833,56.4577,59.8965,,54.74301,52.67176,,
Ukraine,,103.1508636,98.80847931,98.81639862,96.82765961,,98.27971649,99.26172638,100.3376389,100.1942215,101.868988,,100.8319778,96.43402863,96.35388184,95.63127899,,,94.32089233,,100.3342285,102.2406693,93.87465668,97.7793808,95.12743378,,,,101.8901672,99.6829834,96.05646,99.42271,101.12173,,,117.71675,104.34387,100.37401,97.64619,94.54982,96.15623,96.50829,97.50718,103.3503,102.5925,,,,,
Upper middle income,,,,,,,,,,,,,,,,,,,96.07530212,95.4609375,95.97511292,96.74564362,95.64434814,96.6676178,97.8976593,95.78189087,93.22010803,92.03617096,92.58982086,92.80332184,93.39585114,94.37571716,94.85652161,94.3568573,94.38305664,94.56822968,93.82904816,94.81108093,98.13025665,97.63925171,96.85123,95.71979,95.69858,95.49637,92.79561,91.40352,92.99683,94.30734,95.28345,
Uruguay,66.35449982,69.5316391,68.88049316,71.49137878,68.11018372,,69.35128784,70.24304199,69.23204041,70.49775696,72.64544678,,,,,87.01560974,88.06253815,91.8675766,92.23972321,93.01854706,94.62658691,94.96589661,92.79884338,94.50158691,94.75856018,94.31974792,94.38105774,95.78414154,95.8562088,96.24835968,97.31546,95.36993,94.87438,91.78017,92.22674,95.43369,99.69514,104.36974,106.77879,106.31305,104.8093,,,103.4295,103.9037,103.511,104.6962,,,
Uzbekistan,,,,,,,,,,,,,,,,,,,,,,,,,,99.75536346,,,,96.52722168,95.76961,100.68832,102.26159,96.66868,94.92826,96.71703,98.63932,96.60795,95.21112,92.27765,91.94624,92.5531,92.95034,96.60859,96.30273,98.24262,96.81922,98.40359,103.0236,
"Venezuela, RB",,59.84941101,62.99375916,66.50565338,67.86208344,70.02030182,69.51850128,69.46814728,69.40109253,68.8670578,71.91892242,73.80445099,77.38739014,77.6360321,76.64836884,77.8664093,78.54564667,78.29936981,78.40090942,78.7901535,78.80394745,81.58323669,85.34736633,84.76734161,,,81.73387146,81.65870667,,82.11061859,83.87856,85.2697,91.9578,89.70029,89.7403,91.47278,95.29815,97.2884,95.04342,95.08797,93.87697,95.17514,96.32139,96.05864,96.83641,96.11709,94.0508,92.58874,,
British Virgin Islands,,,,,,,,,,,,,,,,93.62550354,,,,,,,,,126.0073318,,,,,,111.17647,,109.97151,102.58621,112.71676,107.75862,107.62712,89.94565,,82.82828,,87.1734,90.8046,93.90519,82.55034,95.06726,90.59633,95.49763,,
Vietnam,,,,,,,,,,81.48097992,,,,,,,,,,,,,,,,,,,,99.7494812,99.77178,105.20235,102.19417,100.90922,,93.75769,97.44434,,,,,103.2279,102.6397,100.0166,107.1829,105.1645,105.964,,110.0212,
Vanuatu,,,,,,,,,,,,,,,,,,,,,,,83.69722748,,74.95491028,,,,94.29698944,,92.11485,106.01599,,,90.82135,,,83.68969,81.14108,84.42827,83.62583,,,91.674,,,,,,
World,73.74347687,73.72422028,73.94747925,74.47943878,74.62831116,75.20874023,75.75454712,76.38762665,76.97247314,77.53447723,78.25980377,78.96450043,79.38848114,79.89978027,80.85439301,81.28025055,81.42929077,81.22360229,81.20620728,80.77072144,80.97357178,81.21562195,80.87483978,81.64971161,82.19612122,81.60163116,80.63252258,80.22544098,80.51027679,80.77139282,81.77908325,82.60549164,83.26699066,84.00906372,84.5435791,85.33132172,85.80874634,86.78066254,88.3347702,89.02232361,88.79363,88.23209,89.14018,89.18956,88.93665,88.63873,88.73469,89.01403,89.58919,
Samoa,,,,,,,,,,,,,,,,,,,,,,,,,95.06458282,94.2974472,92.99054718,98.95713043,97.59538269,95.12194824,94.04709,92.20979,96.77629,100.19235,98.35681,105.67544,105.65873,110.35165,,104.48124,106.4866,105.8823,106.2443,,107.5237,110.324,110.7066,107.0686,104.7819,
South Africa,,,,,,,,,,,,,,,,,,,,,,77.06771851,,,,,,,84.8704834,79.95008087,81.04225,,86.34083,90.57995,95.65492,,,,,,,,,,,90.11049,87.25533,,,
Zambia,,,66.56529236,68.27610016,71.96932983,73.4443512,73.99745178,76.27805328,81.16918182,80.45160675,81.28121185,82.08103943,83.97135925,85.9153595,90.95776367,,88.96376038,,,,,,,,,,,,63.69623184,61.45302963,59.03317,,58.86299,,69.95616,81.23763,82.83578,86.87958,91.00871,85.23049,98.03028,,88.02961,79.97388,,,,,,
Zimbabwe,,,,,,,,,,,,,,,81.08791351,,,,,,,,,,,,,,,93.2259903,,93.23385,88.42467,87.78112,,,,,,,,,97.09031,98.49018,,,,,,
